{
  "model": "Qwen/Qwen3.5-27B",
  "context": "in-scorer (real agent system prompt + tools)",
  "n_val": 64,
  "n_test_harmful": 176,
  "n_test_benign": 176,
  "refusal_rate": 0.5852272727272727,
  "val_cv_by_layer": [
    0.8583984375,
    0.884765625,
    0.86328125,
    0.9296875,
    0.9443359375,
    0.9521484375,
    0.9609375,
    0.912109375,
    0.919921875,
    0.94921875,
    0.96484375,
    0.978515625,
    0.9873046875,
    0.998046875,
    0.9951171875,
    0.9912109375,
    0.9833984375,
    0.998046875,
    1.0,
    1.0,
    0.99609375,
    0.99609375,
    0.9951171875,
    0.99609375,
    0.9951171875,
    0.998046875,
    0.998046875,
    0.9990234375,
    1.0,
    1.0,
    1.0,
    1.0,
    1.0,
    1.0,
    1.0,
    1.0,
    1.0,
    1.0,
    1.0,
    1.0,
    1.0,
    1.0,
    1.0,
    1.0,
    1.0,
    1.0,
    1.0,
    1.0,
    1.0,
    1.0,
    1.0,
    1.0,
    1.0,
    1.0,
    1.0,
    1.0,
    1.0,
    1.0,
    1.0,
    1.0,
    1.0,
    1.0,
    1.0,
    1.0
  ],
  "val_cv_best_layer": 18,
  "mean_diff": {
    "best_layer": 63,
    "best_auc": 0.924192046814736,
    "best_ci": [
      0.8649906338518853,
      0.9701673390006913
    ],
    "mean_auc": 0.912488362814204,
    "best_hb": 0.9427621384297521,
    "best_hb_layer": 24,
    "auc_refusal": [
      0.49953451256816067,
      0.5361085250698231,
      0.48503790397659263,
      0.46655140311211596,
      0.4697433169304429,
      0.533581593296981,
      0.5661657135257349,
      0.5374384891607927,
      0.5633727889346988,
      0.5766724298443943,
      0.5862481712993749,
      0.577337411889879,
      0.5543290331161059,
      0.6107195105732146,
      0.6084585716185663,
      0.6242851443011039,
      0.6828035643037638,
      0.7913286341268785,
      0.7846788136720309,
      0.784678813672031,
      0.7801569357627344,
      0.8022343396728288,
      0.8165979518552999,
      0.830695571219577,
      0.8678015693576274,
      0.8753823646761537,
      0.8728554329033116,
      0.8838941348583588,
      0.8854900917675224,
      0.8860220774039101,
      0.8763133395398325,
      0.8848251097220374,
      0.8906769517223035,
      0.8955978188588908,
      0.892272908631467,
      0.8953318260406969,
      0.8963957973134725,
      0.8994547147227026,
      0.903444606995611,
      0.9062375315866471,
      0.9039765926319989,
      0.9053065567229686,
      0.9003856895863812,
      0.9003856895863812,
      0.8990557254954116,
      0.8946668439952121,
      0.8888150019949461,
      0.8961298044952786,
      0.8937358691315334,
      0.8969277829498603,
      0.8971937757680543,
      0.8961298044952787,
      0.8965287937225694,
      0.9001196967681873,
      0.9046415746774836,
      0.9077004920867137,
      0.9074344992685197,
      0.9077004920867136,
      0.909961431041362,
      0.897725761404442,
      0.9102274238595558,
      0.9106264130868467,
      0.9128873520414948,
      0.924192046814736
    ],
    "auc_harm_vs_benign": [
      0.6139591942148761,
      0.6144111570247934,
      0.6280023243801653,
      0.6501485020661157,
      0.631198347107438,
      0.602498708677686,
      0.6032896435950413,
      0.6938274793388429,
      0.6917936466942148,
      0.7296293904958677,
      0.7790870351239669,
      0.786383006198347,
      0.8021694214876033,
      0.8414256198347108,
      0.8299974173553719,
      0.8328060433884298,
      0.8728047520661157,
      0.927524535123967,
      0.9277182334710744,
      0.9254907024793388,
      0.9211647727272727,
      0.929816632231405,
      0.931979597107438,
      0.9342394111570247,
      0.9427621384297521,
      0.9419227789256198,
      0.9299134814049586,
      0.9394692665289256,
      0.9321410123966942,
      0.9223592458677685,
      0.9165482954545455,
      0.925103305785124,
      0.927395402892562,
      0.9309788223140496,
      0.9282670454545454,
      0.9314307851239669,
      0.9309788223140497,
      0.9315276342975207,
      0.9322055785123967,
      0.9305914256198348,
      0.9295583677685951,
      0.9289449896694215,
      0.9267174586776861,
      0.9278150826446282,
      0.9273308367768596,
      0.9275568181818181,
      0.925652117768595,
      0.926878873966942,
      0.9278473657024793,
      0.9285898760330578,
      0.9281379132231404,
      0.9274276859504132,
      0.9272339876033058,
      0.9271371384297521,
      0.9287512913223142,
      0.928202479338843,
      0.9285898760330579,
      0.9285575929752067,
      0.9286867252066114,
      0.9259103822314051,
      0.9264914772727274,
      0.9265237603305785,
      0.9271048553719008,
      0.9235860020661157
    ]
  },
  "svm": {
    "best_layer": 63,
    "best_auc": 0.915547280223434,
    "best_ci": [
      0.8492644870448179,
      0.9655173662625446
    ],
    "mean_auc": 0.7708471871259477,
    "best_hb": 0.9479274276859504,
    "best_hb_layer": 28,
    "auc_refusal": [
      0.39779225960899056,
      0.4501928447931906,
      0.4798510440218114,
      0.4970075807953185,
      0.5260007979784547,
      0.5036574012501662,
      0.5023274371591967,
      0.4718712594759941,
      0.4982045484771912,
      0.5680276632530922,
      0.6125814603005718,
      0.6249501263465885,
      0.6108525069823114,
      0.6495544620295253,
      0.6603271711663785,
      0.6830695571219577,
      0.7098018353504456,
      0.7410559914882299,
      0.7442479053065568,
      0.7177816198962628,
      0.7620694241255487,
      0.76113844926187,
      0.7782949860353771,
      0.7652613379438756,
      0.8136720308551669,
      0.8019683468546349,
      0.8027663253092165,
      0.7917276233541695,
      0.7421199627610056,
      0.7135257348051602,
      0.7433169304428782,
      0.7506317329432106,
      0.7612714456709669,
      0.7796249501263466,
      0.7536906503524405,
      0.7836148423992553,
      0.795850512036175,
      0.8124750631732942,
      0.8283016358558319,
      0.8470541295385023,
      0.8300305891740922,
      0.8184599015826574,
      0.7914616305359755,
      0.7858757813539035,
      0.7801569357627344,
      0.7810879106264131,
      0.7797579465354436,
      0.7962495012634658,
      0.8022343396728289,
      0.8171299374916878,
      0.8123420667641974,
      0.8329565101742253,
      0.8576938422662588,
      0.8675355765394335,
      0.8720574544487298,
      0.8861550738130071,
      0.89213991222237,
      0.8942678547679213,
      0.8958638116770847,
      0.8975927649953452,
      0.8955978188588909,
      0.8970607793589573,
      0.8914749301768853,
      0.915547280223434
    ],