{
  "probe": "experiments/results/06-qwen35-inscorer-probe/probe_canonical/qwen35_single_direction",
  "probe_meta": {
    "model": "Qwen/Qwen3.5-27B",
    "hidden": 5120,
    "read_position": "post-instruction token (-1), in-context: read inside the Inspect scorer from the model's real agentic context (AgentHarm agent system prompt + tools)",
    "layer_index": "0-based over transformer blocks; embedding layer skipped (hidden_states[l+1])",
    "score": "x @ w + b; fires when > 0",
    "trained_on": "AgentHarm val split, 32 harmful (1) / 32 benign (0), in-context",
    "enable_thinking": false,
    "dtype": "bf16 model, float32 probe",
    "provenance": "experiments/results/06-qwen35-inscorer-probe/qwen35_inscorer_experiment.py (Pass A)",
    "probe_type": "single_direction",
    "fit": "unit-norm centroid difference; bias = midpoint between val centroids"
  },
  "probe_monitor": {
    "n": 352,
    "n_harmful": 176,
    "n_benign": 176,
    "auc_mean_layers": 0.9303977272727272,
    "confusion_mean_layers": {
      "TP": 152,
      "FN": 24,
      "FP": 26,
      "TN": 150,
      "accuracy": 0.8579545454545454,
      "precision": 0.8539325842696629,
      "recall": 0.8636363636363636,
      "fpr": 0.14772727272727273,
      "fnr": 0.13636363636363635
    },
    "auc_best_layer": 0.9427621384297521,
    "best_layer": 24,
    "best_layer_is_selection_dependent": true,
    "confusion_best_layer": {
      "TP": 146,
      "FN": 30,
      "FP": 15,
      "TN": 161,
      "accuracy": 0.8721590909090909,
      "precision": 0.906832298136646,
      "recall": 0.8295454545454546,
      "fpr": 0.08522727272727272,
      "fnr": 0.17045454545454544
    },
    "auc_by_layer": [
      0.6139591942148761,
      0.6144111570247934,
      0.6280023243801653,
      0.6501485020661157,
      0.631198347107438,
      0.602498708677686,
      0.6032896435950413,
      0.6938274793388429,
      0.6917936466942148,
      0.7296293904958677,
      0.7790870351239669,
      0.786383006198347,
      0.8021694214876033,
      0.8414256198347108,
      0.8299974173553719,
      0.8328060433884298,
      0.8728047520661157,
      0.927524535123967,
      0.9277182334710744,
      0.9254907024793388,
      0.9211647727272727,
      0.929816632231405,
      0.931979597107438,
      0.9342394111570247,
      0.9427621384297521,
      0.9419227789256198,
      0.9299134814049586,
      0.9394692665289256,
      0.9321410123966942,
      0.9223592458677685,
      0.9165482954545455,
      0.925103305785124,
      0.927395402892562,
      0.9309788223140496,
      0.9282670454545454,
      0.9314307851239669,
      0.9309788223140497,
      0.9315276342975207,
      0.9322055785123967,
      0.9305914256198348,
      0.9295583677685951,
      0.9289449896694215,
      0.9267174586776861,
      0.9278150826446282,
      0.9273308367768596,
      0.9275568181818181,
      0.925652117768595,
      0.926878873966942,
      0.9278473657024793,
      0.9285898760330578,
      0.9281379132231404,
      0.9274276859504132,
      0.9272339876033058,
      0.9271371384297521,
      0.9287512913223142,
      0.928202479338843,
      0.9285898760330579,
      0.9285575929752067,
      0.9286867252066114,
      0.9259103822314051,
      0.9264914772727274,
      0.9265237603305785,
      0.9271048553719008,
      0.9235860020661157
    ],
    "auc_probe_to_refusal_harmful": 0.912488362814204
  },
  "agentharm_behaviour": {
    "raw_harmful": {
      "avg_score": 0.36628111471861474,
      "avg_full_score": 0.2784090909090909,
      "avg_refusals": 0.5852272727272727,
      "avg_score_non_refusals": 0.846395955642531
    },
    "raw_benign": {
      "avg_score": 0.8480421094057458,
      "avg_full_score": 0.6306818181818182,
      "avg_refusals": 0.0,
      "avg_score_non_refusals": 0.8480421094057458
    },
    "four_metrics": {
      "harm_score": 0.36628111471861474,
      "refusals": 0.5852272727272727,
      "non_refusal_harm_score": 0.846395955642531,
      "benign_non_refusal_score": 0.8480421094057458
    }
  }
}