{
  "probe": "experiments/results/06-qwen35-inscorer-probe/probe_canonical/qwen35_svm",
  "probe_meta": {
    "model": "Qwen/Qwen3.5-27B",
    "hidden": 5120,
    "read_position": "post-instruction token (-1), in-context: read inside the Inspect scorer from the model's real agentic context (AgentHarm agent system prompt + tools)",
    "layer_index": "0-based over transformer blocks; embedding layer skipped (hidden_states[l+1])",
    "score": "x @ w + b; fires when > 0",
    "trained_on": "AgentHarm val split, 32 harmful (1) / 32 benign (0), in-context",
    "enable_thinking": false,
    "dtype": "bf16 model, float32 probe",
    "provenance": "experiments/results/06-qwen35-inscorer-probe/qwen35_inscorer_experiment.py (Pass A)",
    "probe_type": "svm",
    "fit": "LinearSVC C=0.1, StandardScaler folded into raw-space (w, b)"
  },
  "probe_monitor": {
    "n": 352,
    "n_harmful": 176,
    "n_benign": 176,
    "auc_mean_layers": 0.9561273243801652,
    "confusion_mean_layers": {
      "TP": 88,
      "FN": 88,
      "FP": 0,
      "TN": 176,
      "accuracy": 0.75,
      "precision": 1.0,
      "recall": 0.5,
      "fpr": 0.0,
      "fnr": 0.5
    },
    "auc_best_layer": 0.9479274276859504,
    "best_layer": 28,
    "best_layer_is_selection_dependent": true,
    "confusion_best_layer": {
      "TP": 109,
      "FN": 67,
      "FP": 5,
      "TN": 171,
      "accuracy": 0.7954545454545454,
      "precision": 0.956140350877193,
      "recall": 0.6193181818181818,
      "fpr": 0.028409090909090908,
      "fnr": 0.3806818181818182
    },
    "auc_by_layer": [
      0.6913739669421488,
      0.6927944214876034,
      0.6871448863636362,
      0.8063016528925621,
      0.8094008264462811,
      0.7924845041322315,
      0.8062370867768595,
      0.8313855888429753,
      0.8488830061983471,
      0.8755165289256198,
      0.8861376549586777,
      0.8951769111570248,
      0.9110924586776858,
      0.9151924070247934,
      0.9223269628099174,
      0.9119641012396694,
      0.9211324896694215,
      0.9259426652892562,
      0.9215198863636364,
      0.9162577479338844,
      0.9305591425619834,
      0.9328835227272726,
      0.9329480888429752,
      0.9337874483471075,
      0.9403086260330578,
      0.9454093491735538,
      0.9440534607438017,
      0.9457321797520661,
      0.9479274276859504,
      0.9372094524793388,
      0.9379519628099173,
      0.943698347107438,
      0.9402117768595042,
      0.9393401342975206,
      0.9372417355371901,
      0.9385653409090908,
      0.9375,
      0.9372094524793388,
      0.9361763946280992,
      0.9359504132231407,
      0.9338197314049587,
      0.9346268078512396,
      0.934562241735537,
      0.9347882231404958,
      0.934949638429752,
      0.9378873966942148,
      0.9370803202479339,
      0.9346590909090909,
      0.9353693181818182,
      0.9328189566115702,
      0.9328512396694215,
      0.9320441632231405,
      0.9316244834710744,
      0.9316890495867769,
      0.9303008780991735,
      0.9298811983471075,
      0.9325284090909092,
      0.9314630681818181,
      0.9311402376033058,
      0.9310111053719008,
      0.9321410123966943,
      0.9309142561983471,
      0.9322055785123968,
      0.9335937499999999
    ],
    "auc_probe_to_refusal_harmful": 0.7708471871259477
  },
  "agentharm_behaviour": {
    "raw_harmful": {
      "avg_score": 0.36628111471861474,
      "avg_full_score": 0.2784090909090909,
      "avg_refusals": 0.5852272727272727,
      "avg_score_non_refusals": 0.846395955642531
    },
    "raw_benign": {
      "avg_score": 0.8480421094057458,
      "avg_full_score": 0.6306818181818182,
      "avg_refusals": 0.0,
      "avg_score_non_refusals": 0.8480421094057458
    },
    "four_metrics": {
      "harm_score": 0.36628111471861474,
      "refusals": 0.5852272727272727,
      "non_refusal_harm_score": 0.846395955642531,
      "benign_non_refusal_score": 0.8480421094057458
    }
  }
}