{
  "raw mean": {
    "auc": 0.9561273243801652,
    "acc": 0.8920454545454546,
    "recall": 0.8863636363636364,
    "fpr": 0.10227272727272728,
    "auc_refusal": 0.7708471871259477,
    "threshold": 0.0
  },
  "distance mean (/||coef_||)": {
    "auc": 0.9517691115702479,
    "acc": 0.8863636363636364,
    "recall": 0.875,
    "fpr": 0.10227272727272728,
    "auc_refusal": 0.8318925389014497,
    "threshold": 0.0
  },
  "distance mean (/||w||)": {
    "auc": 0.9358212809917356,
    "acc": 0.8778409090909091,
    "recall": 0.875,
    "fpr": 0.11931818181818182,
    "auc_refusal": 0.8813672030855167,
    "threshold": 0.0
  },
  "distance median": {
    "auc": 0.9461518595041323,
    "acc": 0.875,
    "recall": 0.875,
    "fpr": 0.125,
    "auc_refusal": 0.7590105067163186,
    "threshold": 0.0
  },
  "z-scored mean": {
    "auc": 0.9561273243801652,
    "acc": 0.8920454545454546,
    "recall": 0.8863636363636364,
    "fpr": 0.10227272727272728,
    "auc_refusal": 0.7810879106264131,
    "threshold": -2.9802322387695312e-08
  },
  "median": {
    "auc": 0.9485730888429752,
    "acc": 0.875,
    "recall": 0.875,
    "fpr": 0.125,
    "auc_refusal": 0.8263066897193776,
    "threshold": 0.0
  },
  "vote fraction": {
    "auc": 0.9441341683884299,
    "acc": 0.8806818181818182,
    "recall": 0.875,
    "fpr": 0.11363636363636363,
    "auc_refusal": 0.6388482510972203,
    "threshold": 0.5
  },
  "best layer L18": {
    "auc": 0.9215198863636364,
    "acc": 0.8409090909090909,
    "recall": 0.8181818181818182,
    "fpr": 0.13636363636363635,
    "auc_refusal": 0.7442479053065568
  }
}