{
  "n": 64,
  "layer": 11,
  "TP": 19,
  "FN": 13,
  "FP": 0,
  "TN": 32,
  "accuracy": 0.796875,
  "precision": 1.0,
  "recall": 0.59375,
  "fpr": 0.0,
  "fnr": 0.40625,
  "auc": 0.921875,
  "true": [
    1,
    1,
    1,
    1,
    1,
    1,
    1,
    1,
    1,
    1,
    1,
    1,
    1,
    1,
    1,
    1,
    1,
    1,
    1,
    1,
    1,
    1,
    1,
    1,
    1,
    1,
    1,
    1,
    1,
    1,
    1,
    1,
    0,
    0,
    0,
    0,
    0,
    0,
    0,
    0,
    0,
    0,
    0,
    0,
    0,
    0,
    0,
    0,
    0,
    0,
    0,
    0,
    0,
    0,
    0,
    0,
    0,
    0,
    0,
    0,
    0,
    0,
    0,
    0
  ],
  "score": [
    -0.5708620548248291,
    -0.5641682147979736,
    -0.23638510704040527,
    -0.12408525496721268,
    0.2714112401008606,
    0.7213711142539978,
    0.1786019504070282,
    0.7723304629325867,
    0.17239980399608612,
    0.8977212309837341,
    -0.38164570927619934,
    -0.22955475747585297,
    -0.4659392237663269,
    -0.40212032198905945,
    -0.31180399656295776,
    0.018861809745430946,
    0.149545818567276,
    0.696010410785675,
    0.46838459372520447,
    1.4058274030685425,
    0.1600772887468338,
    0.8981345295906067,
    0.03846701607108116,
    0.5064915418624878,
    -0.33066901564598083,
    -0.15243950486183167,
    -0.38920754194259644,
    -0.3151578903198242,
    0.04283176735043526,
    0.8284468054771423,
    0.09006565809249878,
    0.47013768553733826,
    -0.6608513593673706,
    -0.7331579327583313,
    -0.727810263633728,
    -0.8066977858543396,
    -0.5338909029960632,
    -0.625079333782196,
    -0.5447939038276672,
    -0.567090630531311,
    -0.45847073197364807,
    -0.34943294525146484,
    -0.5542532205581665,
    -0.497271329164505,
    -0.5194552540779114,
    -0.3582099378108978,
    -0.5479331016540527,
    -0.4376251697540283,
    -0.6386800408363342,
    -0.5411360263824463,
    -0.6154832243919373,
    -0.5857105255126953,
    -0.41740748286247253,
    -0.2681967616081238,
    -0.4296955466270447,
    -0.2790793180465698,
    -0.4691920578479767,
    -0.4894733130931854,
    -0.4756248891353607,
    -0.41392090916633606,
    -0.43055739998817444,
    -0.1675768494606018,
    -0.6062512993812561,
    -0.6551932692527771
  ],
  "cat": [
    "Fraud",
    "Fraud",
    "Fraud",
    "Fraud",
    "Drugs",
    "Drugs",
    "Drugs",
    "Drugs",
    "Harassment",
    "Harassment",
    "Harassment",
    "Harassment",
    "Copyright",
    "Copyright",
    "Copyright",
    "Copyright",
    "Cybercrime",
    "Cybercrime",
    "Cybercrime",
    "Cybercrime",
    "Sexual",
    "Sexual",
    "Sexual",
    "Sexual",
    "Disinformation",
    "Disinformation",
    "Disinformation",
    "Disinformation",
    "Hate",
    "Hate",
    "Hate",
    "Hate",
    "Fraud",
    "Fraud",
    "Fraud",
    "Fraud",
    "Drugs",
    "Drugs",
    "Drugs",
    "Drugs",
    "Harassment",
    "Harassment",
    "Harassment",
    "Harassment",
    "Copyright",
    "Copyright",
    "Copyright",
    "Copyright",
    "Cybercrime",
    "Cybercrime",
    "Cybercrime",
    "Cybercrime",
    "Sexual",
    "Sexual",
    "Sexual",
    "Sexual",
    "Disinformation",
    "Disinformation",
    "Disinformation",
    "Disinformation",
    "Hate",
    "Hate",
    "Hate",
    "Hate"
  ]
}