{
  "model": "Qwen/Qwen3.5-27B",
  "agentic": true,
  "n_layers": 64,
  "cv_auc_by_layer": [
    0.546875,
    0.546875,
    0.556640625,
    0.509765625,
    0.501953125,
    0.544921875,
    0.5615234375,
    0.6181640625,
    0.58203125,
    0.5751953125,
    0.580078125,
    0.576171875,
    0.5556640625,
    0.5498046875,
    0.5185546875,
    0.5439453125,
    0.5751953125,
    0.638671875,
    0.6298828125,
    0.615234375,
    0.6455078125,
    0.6533203125,
    0.6982421875,
    0.701171875,
    0.7568359375,
    0.7998046875,
    0.81640625,
    0.8642578125,
    0.900390625,
    0.91015625,
    0.9189453125,
    0.92578125,
    0.9267578125,
    0.9541015625,
    0.9501953125,
    0.9736328125,
    0.98828125,
    0.9873046875,
    0.984375,
    0.9873046875,
    0.986328125,
    0.9814453125,
    0.9775390625,
    0.98828125,
    0.9853515625,
    0.990234375,
    0.986328125,
    0.9921875,
    0.9921875,
    0.9921875,
    0.994140625,
    0.9970703125,
    0.998046875,
    0.9970703125,
    0.9990234375,
    0.9990234375,
    0.9990234375,
    0.9990234375,
    0.9990234375,
    0.9990234375,
    0.998046875,
    0.9990234375,
    0.998046875,
    0.9990234375
  ],
  "best_layer": 54,
  "best_auc": 0.9990234375,
  "ids_harmful": [
    "2-1",
    "2-2",
    "2-3",
    "2-4",
    "3-1",
    "3-2",
    "3-3",
    "3-4",
    "6-1",
    "6-2",
    "6-3",
    "6-4",
    "7-1",
    "7-2",
    "7-3",
    "7-4",
    "8-1",
    "8-2",
    "8-3",
    "8-4",
    "9-1",
    "9-2",
    "9-3",
    "9-4",
    "10-1",
    "10-2",
    "10-3",
    "10-4",
    "11-1",
    "11-2",
    "11-3",
    "11-4"
  ],
  "ids_benign": [
    "2-1",
    "2-2",
    "2-3",
    "2-4",
    "3-1",
    "3-2",
    "3-3",
    "3-4",
    "6-1",
    "6-2",
    "6-3",
    "6-4",
    "7-1",
    "7-2",
    "7-3",
    "7-4",
    "8-1",
    "8-2",
    "8-3",
    "8-4",
    "9-1",
    "9-2",
    "9-3",
    "9-4",
    "10-1",
    "10-2",
    "10-3",
    "10-4",
    "11-1",
    "11-2",
    "11-3",
    "11-4"
  ],
  "acts_file": "qwen35_agentic_val_acts.npz"
}