{
  "model": "Qwen/Qwen3.5-27B",
  "agentic": true,
  "n_layers": 64,
  "C": 0.1,
  "refusal_rate": 0.5852272727272727,
  "val_cv_svm": [
    0.859375,
    0.9013671875,
    0.8818359375,
    0.9365234375,
    0.9521484375,
    0.9609375,
    0.9697265625,
    0.904296875,
    0.8974609375,
    0.919921875,
    0.9384765625,
    0.9541015625,
    0.9794921875,
    0.990234375,
    0.98828125,
    0.986328125,
    0.98828125,
    0.9931640625,
    0.9970703125,
    0.9970703125,
    0.9951171875,
    0.994140625,
    0.994140625,
    0.9892578125,
    0.9873046875,
    0.9951171875,
    0.99609375,
    0.99609375,
    1.0,
    1.0,
    1.0,
    1.0,
    1.0,
    1.0,
    1.0,
    1.0,
    1.0,
    1.0,
    1.0,
    1.0,
    1.0,
    1.0,
    1.0,
    1.0,
    1.0,
    1.0,
    1.0,
    0.9990234375,
    1.0,
    0.9990234375,
    1.0,
    1.0,
    1.0,
    1.0,
    1.0,
    1.0,
    1.0,
    1.0,
    1.0,
    1.0,
    1.0,
    1.0,
    1.0,
    1.0
  ],
  "val_cv_md": [
    0.546875,
    0.546875,
    0.556640625,
    0.509765625,
    0.501953125,
    0.544921875,
    0.5615234375,
    0.6181640625,
    0.58203125,
    0.5751953125,
    0.580078125,
    0.576171875,
    0.5556640625,
    0.5498046875,
    0.5185546875,
    0.5439453125,
    0.5751953125,
    0.638671875,
    0.6298828125,
    0.615234375,
    0.6455078125,
    0.6533203125,
    0.6982421875,
    0.701171875,
    0.7568359375,
    0.7998046875,
    0.81640625,
    0.8642578125,
    0.900390625,
    0.91015625,
    0.9189453125,
    0.92578125,
    0.9267578125,
    0.9541015625,
    0.9501953125,
    0.9736328125,
    0.98828125,
    0.9873046875,
    0.984375,
    0.9873046875,
    0.986328125,
    0.9814453125,
    0.9775390625,
    0.98828125,
    0.9853515625,
    0.990234375,
    0.986328125,
    0.9921875,
    0.9921875,
    0.9921875,
    0.994140625,
    0.9970703125,
    0.998046875,
    0.9970703125,
    0.9990234375,
    0.9990234375,
    0.9990234375,
    0.9990234375,
    0.9990234375,
    0.9990234375,
    0.998046875,
    0.9990234375,
    0.998046875,
    0.9990234375
  ],
  "svm": {
    "auc_refusal": [
      0.4394201356563373,
      0.5233408697965155,
      0.43210533315600486,
      0.4341002792924592,
      0.4600345790663653,
      0.46695039233940683,
      0.47466418406703026,
      0.43370129006516833,
      0.4466019417475729,
      0.5236068626147095,
      0.5536640510706212,
      0.6194972735736135,
      0.6067296183003059,
      0.6758877510307222,
      0.6681739593030989,
      0.6875914350312542,
      0.7506317329432105,
      0.816198962628009,
      0.8100811278095491,
      0.8357494347652613,
      0.8527729751296715,
      0.848783082856763,
      0.8614177417209736,
      0.8692645298576939,
      0.8951988296315999,
      0.8928048942678547,
      0.8773773108126081,
      0.8864210666312009,
      0.8526399787205744,
      0.7991754222635988,
      0.7974464689453384,
      0.8337544886288071,
      0.8183269051735603,
      0.8388083521744913,
      0.8486500864476659,
      0.8807022210400319,
      0.8709934831759543,
      0.8670035909030456,
      0.8567628674025802,
      0.8676685729485304,
      0.883761138449262,
      0.901183668040963,
      0.9075674956776167,
      0.9158132730416279,
      0.9103604202686528,
      0.8727224364942147,
      0.8888150019949461,
      0.9071685064503259,
      0.9130203484505919,
      0.8966617901316665,
      0.9168772443144035,
      0.9156802766325309,
      0.8987897326772177,
      0.8882830163585583,
      0.8844261204947467,
      0.8721904508578269,
      0.8566298709934832,
      0.851443011038702,
      0.8495810613113446,
      0.8538369464024471,
      0.86593961963027,
      0.8773773108126081,
      0.8792392605399655,
      0.901183668040963
    ],
    "auc_harm_vs_benign": [
      0.6557011880165289,
      0.6775891012396695,
      0.6906637396694215,
      0.7967781508264462,
      0.794582902892562,
      0.7953899793388431,
      0.8064953512396694,
      0.8257683367768596,
      0.8376162190082643,
      0.8704803719008264,
      0.8823282541322314,
      0.8883651859504132,
      0.9032799586776858,
      0.9243930785123966,
      0.9270725723140496,
      0.9210033574380164,
      0.9343362603305785,
      0.9301717458677686,
      0.9289127066115702,
      0.9341748450413223,
      0.9408897210743802,
      0.9373063016528924,
      0.9283961776859504,
      0.9308174070247933,
      0.9344976756198348,
      0.9255229855371901,
      0.9246836260330579,
      0.9149664256198349,
      0.9081224173553719,
      0.9127066115702479,
      0.9225206611570248,
      0.9377582644628099,
      0.9306559917355371,
      0.9348850723140496,
      0.9314307851239669,
      0.9334646177685951,
      0.9338842975206612,
      0.9347559400826447,
      0.936014979338843,
      0.9341748450413223,
      0.9312048037190083,
      0.9306882747933886,
      0.9296552169421488,
      0.9279442148760331,
      0.9216813016528926,
      0.9257489669421488,
      0.9235537190082646,
      0.9215521694214877,
      0.9227466425619835,
      0.91822701446281,
      0.9151924070247934,
      0.9146758780991736,
      0.9157089359504131,
      0.9149018595041323,
      0.9140625000000001,
      0.9157412190082643,
      0.9154183884297521,
      0.9139010847107439,
      0.9155798037190083,
      0.9143853305785125,
      0.9131585743801652,
      0.9133199896694214,
      0.9148372933884298,
      0.9162900309917356
    ],
    "best_layer": 50,
    "best_auc": 0.9168772443144035,
    "mean_auc": 0.848517090038569
  },
  "mean_diff": {
    "auc_refusal": [
      0.5100412288868201,
      0.5345125681606597,
      0.48982577470408295,
      0.4322383295651018,
      0.46907833488495815,
      0.5060513366139114,
      0.530655672296848,
      0.5213459236600612,
      0.5562574810480116,
      0.5641707673892806,
      0.56855964888948,
      0.5757414549807155,
      0.5680276632530921,
      0.6483574943476526,
      0.6492884692113313,
      0.6866604601675755,
      0.7568825641707675,
      0.8643436627211065,
      0.8679345657667243,
      0.8711264795850512,
      0.8668705944939487,
      0.8828301635855832,
      0.9039765926319988,
      0.9047745710865807,
      0.9119563771778162,
      0.9095624418140711,
      0.906503524404841,
      0.909695438223168,
      0.909562441814071,
      0.912488362814204,
      0.9095624418140711,
      0.9154142838143372,
      0.9235270647692513,
      0.9325708205878441,
      0.9336347918606199,
      0.9364277164516558,
      0.9364277164516558,
      0.9382896661790132,
      0.938954648224498,
      0.9398856230881766,
      0.939087644633595,
      0.9398856230881766,
      0.9372256949062376,
      0.9413485835882431,
      0.9413485835882431,
      0.9410825907700491,
      0.9384226625881102,
      0.9413485835882431,
      0.9408165979518552,
      0.9457374650884426,
      0.9517223034978056,
      0.9529192711796782,
      0.9513233142705149,
      0.9513233142705148,
      0.9590371059981381,
      0.9563771778161989,
      0.9541162388615507,
      0.9537172496342599,
      0.9526532783614843,
      0.950392339406836,
      0.9565101742252959,
      0.9563771778161989,
      0.9579731347253625,
      0.9566431706343929
    ],